db_reference|evidence|label|qualifier|source_id|source_type|target_id|target_type|taxon_id
"[""GO_REF:0000043""]"|IEA|enables|"[""enables""]"|A0A024RBG1|protein|GO_0003723|molecular_function|9606
"[""GO_REF:0000043""]"|IEA|enables|"[""enables""]"|A0A024RBG1|protein|GO_0046872|molecular_function|9606
"[""PMID:21081917""]"|IPI|enables|"[""enables""]"|A0A087WT01|protein|GO_0005515|molecular_function|9606
"[""PMID:35044719""]"|IPI|enables|"[""enables""]"|A0A087WUL8|protein|GO_0005515|molecular_function|9606
"[""GO_REF:0000043""]"|IEA|enables|"[""enables""]"|A0A087WUV0|protein|GO_0046872|molecular_function|9606
"[""GO_REF:0000002""]"|IEA|enables|"[""enables""]"|A0A087X1C5|protein|GO_0005506|molecular_function|9606
"[""PMID:15051713""]"|IDA|enables|"[""enables""]"|A0A087X1C5|protein|GO_0070330|molecular_function|9606
"[""GO_REF:0000002""]"|IEA|enables|"[""enables""]"|A0A096LNW5|protein|GO_0005509|molecular_function|9606
"[""GO_REF:0000002""]"|IEA|enables|"[""enables""]"|A0A096LP49|protein|GO_0008017|molecular_function|9606
"[""GO_REF:0000043""]"|IEA|enables|"[""enables""]"|A0A096LPK9|protein|GO_0004930|molecular_function|9606
"[""GO_REF:0000002""]"|IEA|enables|"[""enables""]"|A0A096LPK9|protein|GO_0004984|molecular_function|9606
"[""PMID:6440030""]"|NAS|enables|"[""enables""]"|A0A0A6YYK7|protein|GO_0042287|molecular_function|9606
"[""PMID:6440030""]"|NAS|enables|"[""enables""]"|A0A0A6YYK7|protein|GO_0042605|molecular_function|9606
"[""GO_REF:0000002""]"|IEA|enables|"[""enables""]"|A0A0B4J1T7|protein|GO_0004675|molecular_function|9606
"[""PMID:32296183""]"|IPI|enables|"[""enables""]"|A0A0B4J2D5|protein|GO_0005515|molecular_function|9606
"[""PMID:31653868""]"|IPI|enables|"[""enables""]"|A0A0B4J2F0|protein|GO_0005515|molecular_function|9606
"[""GO_REF:0000002""]"|IEA|enables|"[""enables""]"|A0A0B4J2F2|protein|GO_0000287|molecular_function|9606
"[""PMID:32296183""]"|IPI|enables|"[""enables""]"|A0A0B4J2F2|protein|GO_0005515|molecular_function|9606
"[""GO_REF:0000043""]"|IEA|enables|"[""enables""]"|A0A0B4J2F2|protein|GO_0005524|molecular_function|9606
"[""GO_REF:0000116""]"|IEA|enables|"[""enables""]"|A0A0B4J2F2|protein|GO_0106310|molecular_function|9606
"[""PMID:29983246""]"|IDA|enables|"[""enables""]"|A0A0C5B5G6|protein|GO_0003677|molecular_function|9606
"[""PMID:29983246""]"|IPI|enables|"[""enables""]"|A0A0C5B5G6|protein|GO_0140297|molecular_function|9606
"[""GO_REF:0000002""]"|IEA|enables|"[""enables""]"|A0A0G2JMH3|protein|GO_0003924|molecular_function|9606
"[""GO_REF:0000043""]"|IEA|enables|"[""enables""]"|A0A0G2JMH3|protein|GO_0005525|molecular_function|9606
"[""GO_REF:0000043""]"|IEA|enables|"[""enables""]"|A0A0G2JNH3|protein|GO_0004930|molecular_function|9606
"[""GO_REF:0000002""]"|IEA|enables|"[""enables""]"|A0A0G2JNH3|protein|GO_0004984|molecular_function|9606
"[""GO_REF:0000043""]"|IEA|enables|"[""enables""]"|A0A0J9YWL9|protein|GO_0046872|molecular_function|9606
"[""GO_REF:0000043""]"|IEA|enables|"[""enables""]"|A0A0J9YY54|protein|GO_0046872|molecular_function|9606
"[""PMID:26221034""]"|IPI|enables|"[""enables""]"|A0A0K2S4Q6|protein|GO_0005515|molecular_function|9606
"[""GO_REF:0000002""]"|IEA|enables|"[""enables""]"|A0A0U1RQE8|protein|GO_0047961|molecular_function|9606
"[""PMID:32296183""]"|IPI|enables|"[""enables""]"|A0A0U1RQF7|protein|GO_0005515|molecular_function|9606
"[""GO_REF:0000043""]"|IEA|enables|"[""enables""]"|A0A0U1RQI7|protein|GO_0046872|molecular_function|9606
"[""GO_REF:0000002""]"|IEA|enables|"[""enables""]"|A0A0U1RR11|protein|GO_0016846|molecular_function|9606
"[""GO_REF:0000043""]"|IEA|enables|"[""enables""]"|A0A0U1RR11|protein|GO_0046872|molecular_function|9606
"[""PMID:27918561""]"|IPI|enables|"[""enables""]"|A0A0U1RRE5|protein|GO_0005515|molecular_function|9606
"[""GO_REF:0000002""]"|IEA|enables|"[""enables""]"|A0A0U1RRI6|protein|GO_0016846|molecular_function|9606
"[""GO_REF:0000043""]"|IEA|enables|"[""enables""]"|A0A0U1RRI6|protein|GO_0046872|molecular_function|9606
"[""GO_REF:0000043""]"|IEA|enables|"[""enables""]"|A0A0X1KG70|protein|GO_0004930|molecular_function|9606
"[""GO_REF:0000002""]"|IEA|enables|"[""enables""]"|A0A0X1KG70|protein|GO_0004984|molecular_function|9606
"[""GO_REF:0000043""]"|IEA|enables|"[""enables""]"|A0A126GWI2|protein|GO_0004930|molecular_function|9606
"[""GO_REF:0000002""]"|IEA|enables|"[""enables""]"|A0A140TA62|protein|GO_0005198|molecular_function|9606
"[""GO_REF:0000024""]"|ISS|enables|"[""enables""]"|A0A1B0GTB2|protein|GO_0051117|molecular_function|9606
"[""GO_REF:0000002""]"|IEA|enables|"[""enables""]"|A0A1B0GTQ1|protein|GO_0005506|molecular_function|9606
"[""GO_REF:0000043""]"|IEA|enables|"[""enables""]"|A0A1B0GTU1|protein|GO_0046872|molecular_function|9606
"[""GO_REF:0000002""]"|IEA|enables|"[""enables""]"|A0A1B0GTW7|protein|GO_0004222|molecular_function|9606
"[""GO_REF:0000043""]"|IEA|enables|"[""enables""]"|A0A1B0GTW7|protein|GO_0046872|molecular_function|9606
"[""GO_REF:0000043""]"|IEA|enables|"[""enables""]"|A0A1B0GUS4|protein|GO_0005524|molecular_function|9606
"[""GO_REF:0000043""]"|IEA|enables|"[""enables""]"|A0A1B0GUS4|protein|GO_0016874|molecular_function|9606
"[""PMID:32296183""]"|IPI|enables|"[""enables""]"|A0A1B0GUV7|protein|GO_0005515|molecular_function|9606
"[""GO_REF:0000002""]"|IEA|enables|"[""enables""]"|A0A1B0GUV8|protein|GO_0036094|molecular_function|9606
"[""GO_REF:0000002""]"|IEA|enables|"[""enables""]"|A0A1B0GVH4|protein|GO_0004252|molecular_function|9606
"[""GO_REF:0000113""]"|ISA|enables|"[""enables""]"|A0A1B0GWH4|protein|GO_0000981|molecular_function|9606
"[""GO_REF:0000002""]"|IEA|enables|"[""enables""]"|A0A1B0GWK0|protein|GO_0005509|molecular_function|9606
"[""GO_REF:0000002""]"|IEA|enables|"[""enables""]"|A0A1W2PP81|protein|GO_0046982|molecular_function|9606
"[""GO_REF:0000043""]"|IEA|enables|"[""enables""]"|A0A1W2PPD8|protein|GO_0016491|molecular_function|9606
"[""GO_REF:0000043""]"|IEA|enables|"[""enables""]"|A0A1W2PPD8|protein|GO_0046872|molecular_function|9606
"[""GO_REF:0000002""]"|IEA|enables|"[""enables""]"|A0A1W2PPE2|protein|GO_0046982|molecular_function|9606
"[""GO_REF:0000002""]"|IEA|enables|"[""enables""]"|A0A1W2PPF3|protein|GO_0000981|molecular_function|9606
"[""GO_REF:0000002""]"|IEA|enables|"[""enables""]"|A0A1W2PPH5|protein|GO_0046982|molecular_function|9606
"[""GO_REF:0000002""]"|IEA|enables|"[""enables""]"|A0A1W2PPL8|protein|GO_0046982|molecular_function|9606
"[""GO_REF:0000002""]"|IEA|enables|"[""enables""]"|A0A1W2PPW3|protein|GO_0046982|molecular_function|9606
"[""GO_REF:0000002""]"|IEA|enables|"[""enables""]"|A0A1W2PQ09|protein|GO_0046982|molecular_function|9606
"[""GO_REF:0000003""]"|IEA|enables|"[""enables""]"|A0A1W2PQ27|protein|GO_0017018|molecular_function|9606
"[""GO_REF:0000003""]"|IEA|enables|"[""enables""]"|A0A1W2PQ64|protein|GO_0017018|molecular_function|9606
"[""GO_REF:0000117""]"|IEA|enables|"[""enables""]"|A0A1W2PQ73|protein|GO_0043565|molecular_function|9606
"[""GO_REF:0000003""]"|IEA|enables|"[""enables""]"|A0A1W2PQC6|protein|GO_0017018|molecular_function|9606
"[""GO_REF:0000003""]"|IEA|enables|"[""enables""]"|A0A1W2PQD8|protein|GO_0017018|molecular_function|9606
"[""GO_REF:0000003""]"|IEA|enables|"[""enables""]"|A0A1W2PQJ5|protein|GO_0017018|molecular_function|9606
"[""GO_REF:0000043""]"|IEA|enables|"[""enables""]"|A0A1W2PQL4|protein|GO_0046872|molecular_function|9606
"[""GO_REF:0000002""]"|IEA|enables|"[""enables""]"|A0A1W2PR64|protein|GO_0046982|molecular_function|9606
"[""GO_REF:0000003""]"|IEA|enables|"[""enables""]"|A0A1W2PR75|protein|GO_0017018|molecular_function|9606
"[""GO_REF:0000002""]"|IEA|enables|"[""enables""]"|A0A1W2PRN6|protein|GO_0046982|molecular_function|9606
"[""GO_REF:0000002""]"|IEA|enables|"[""enables""]"|A0A1W2PRV1|protein|GO_0046982|molecular_function|9606
"[""GO_REF:0000015""]"|ND|enables|"[""enables""]"|A0A286YF18|protein|GO_0003674|molecular_function|9606
"[""GO_REF:0000015""]"|ND|enables|"[""enables""]"|A0A2R8Y2Y2|protein|GO_0003674|molecular_function|9606
"[""GO_REF:0000043""]"|IEA|enables|"[""enables""]"|A0A2R8Y4L2|protein|GO_0003723|molecular_function|9606
"[""GO_REF:0000043""]"|IEA|enables|"[""enables""]"|A0A2R8Y4L6|protein|GO_0004930|molecular_function|9606
"[""GO_REF:0000043""]"|IEA|enables|"[""enables""]"|A0A2R8Y4M4|protein|GO_0046872|molecular_function|9606
"[""GO_REF:0000043""]"|IEA|enables|"[""enables""]"|A0A2R8Y619|protein|GO_0003677|molecular_function|9606
"[""GO_REF:0000002""]"|IEA|enables|"[""enables""]"|A0A2R8Y619|protein|GO_0030527|molecular_function|9606
"[""GO_REF:0000002""]"|IEA|enables|"[""enables""]"|A0A2R8Y619|protein|GO_0046982|molecular_function|9606
"[""GO_REF:0000043""]"|IEA|enables|"[""enables""]"|A0A2R8YED5|protein|GO_0004930|molecular_function|9606
"[""GO_REF:0000043""]"|IEA|enables|"[""enables""]"|A0A2R8YEG4|protein|GO_0004930|molecular_function|9606
"[""GO_REF:0000043""]"|IEA|enables|"[""enables""]"|A0A2R8YEH3|protein|GO_0004930|molecular_function|9606
"[""GO_REF:0000043""]"|IEA|enables|"[""enables""]"|A0A2R8YEV3|protein|GO_0004930|molecular_function|9606
"[""GO_REF:0000002""]"|IEA|enables|"[""enables""]"|A0A2R8YFR7|protein|GO_0005085|molecular_function|9606
"[""GO_REF:0000043""]"|IEA|enables|"[""enables""]"|A0A2R9YJI8|protein|GO_0004497|molecular_function|9606
"[""GO_REF:0000002""]"|IEA|enables|"[""enables""]"|A0A2R9YJI8|protein|GO_0005506|molecular_function|9606
"[""GO_REF:0000002""]"|IEA|enables|"[""enables""]"|A0A2R9YJI8|protein|GO_0016705|molecular_function|9606
"[""GO_REF:0000002""]"|IEA|enables|"[""enables""]"|A0A2R9YJI8|protein|GO_0020037|molecular_function|9606
"[""GO_REF:0000002""]"|IEA|enables|"[""enables""]"|A0A3B3IRV3|protein|GO_0003723|molecular_function|9606
"[""PMID:32958672""]"|IPI|enables|"[""enables""]"|A0A3B3IS91|protein|GO_0005515|molecular_function|9606
"[""GO_REF:0000002""]"|IEA|enables|"[""enables""]"|A0A3B3IT33|protein|GO_0008270|molecular_function|9606
"[""GO_REF:0000043""]"|IEA|enables|"[""enables""]"|A0A3B3IT45|protein|GO_0004930|molecular_function|9606
"[""GO_REF:0000002""]"|IEA|enables|"[""enables""]"|A0A3B3IU63|protein|GO_0030527|molecular_function|9606
"[""GO_REF:0000002""]"|IEA|enables|"[""enables""]"|A0A3B3IU63|protein|GO_0046982|molecular_function|9606
"[""PMID:30367041""]"|IPI|enables|"[""enables""]"|A0A455ZAR2|protein|GO_0005515|molecular_function|9606
"[""GO_REF:0000002""]"|IEA|enables|"[""enables""]"|A0A590UK10|protein|GO_0005085|molecular_function|9606
"[""GO_REF:0000107""]"|IEA|enables|"[""enables""]"|A0A5B6|protein|GO_0042605|molecular_function|9606
"[""GO_REF:0000043""]"|IEA|enables|"[""enables""]"|A0A5F9ZHS7|protein|GO_0003677|molecular_function|9606
"[""GO_REF:0000002""]"|IEA|enables|"[""enables""]"|A0A5F9ZHS7|protein|GO_0003700|molecular_function|9606
"[""GO_REF:0000043""]"|IEA|enables|"[""enables""]"|A0A7I2V3R4|protein|GO_0046872|molecular_function|9606
"[""GO_REF:0000043""]"|IEA|enables|"[""enables""]"|A0A7P0TAN4|protein|GO_0046872|molecular_function|9606
"[""PMID:36631436""]"|IPI|enables|"[""enables""]"|A0A7P0TBJ1|protein|GO_0005515|molecular_function|9606
"[""PMID:36631436""]"|IPI|enables|"[""enables""]"|A0A7P0TBJ1|protein|GO_0031625|molecular_function|9606
"[""GO_REF:0000002""]"|IEA|enables|"[""enables""]"|A0A804HLA8|protein|GO_0031681|molecular_function|9606
"[""GO_REF:0000104""]"|IEA|enables|"[""enables""]"|A0A8I5KQE6|protein|GO_0003735|molecular_function|9606
"[""GO_REF:0000104""]"|IEA|enables|"[""enables""]"|A0A8I5KQE6|protein|GO_0005055|molecular_function|9606
"[""GO_REF:0000104""]"|IEA|enables|"[""enables""]"|A0A8I5KQE6|protein|GO_0043236|molecular_function|9606
"[""GO_REF:0000002""]"|IEA|enables|"[""enables""]"|A0A8I5KW96|protein|GO_0004017|molecular_function|9606
"[""GO_REF:0000043""]"|IEA|enables|"[""enables""]"|A0A8I5KW96|protein|GO_0005524|molecular_function|9606
"[""GO_REF:0000043""]"|IEA|enables|"[""enables""]"|A0A8I5KW96|protein|GO_0005525|molecular_function|9606
"[""GO_REF:0000104""]"|IEA|enables|"[""enables""]"|A0A8I5KW96|protein|GO_0046899|molecular_function|9606
"[""GO_REF:0000002""]"|IEA|enables|"[""enables""]"|A0A8Q3SIG1|protein|GO_0005319|molecular_function|9606
"[""GO_REF:0000043""]"|IEA|enables|"[""enables""]"|A0A8Q3WKH5|protein|GO_0003677|molecular_function|9606
"[""GO_REF:0000002""]"|IEA|enables|"[""enables""]"|A0A8Q3WKH5|protein|GO_0030527|molecular_function|9606
"[""GO_REF:0000002""]"|IEA|enables|"[""enables""]"|A0A8Q3WKH5|protein|GO_0046982|molecular_function|9606
"[""GO_REF:0000043""]"|IEA|enables|"[""enables""]"|A0A8V8TLD8|protein|GO_0046872|molecular_function|9606
"[""PMID:32296183""]"|IPI|enables|"[""enables""]"|A0AV02|protein|GO_0005515|molecular_function|9606
"[""PMID:22658674""]"|HDA|enables|"[""enables""]"|A0AV96|protein|GO_0003723|molecular_function|9606
"[""PMID:34160127""]"|IDA|enables|"[""enables""]"|A0AV96|protein|GO_0003730|molecular_function|9606
"[""PMID:24916387""]"|IPI|enables|"[""enables""]"|A0AV96|protein|GO_0005515|molecular_function|9606
"[""PMID:24916387""]"|IPI|enables|"[""enables""]"|A0AV96|protein|GO_0019899|molecular_function|9606
"[""PMID:24916387""]"|IDA|enables|"[""enables""]"|A0AV96|protein|GO_0140767|molecular_function|9606
"[""GO_REF:0000043""]"|IEA|enables|"[""enables""]"|A0AVI4|protein|GO_0046872|molecular_function|9606
"[""PMID:24807418""]"|EXP|enables|"[""enables""]"|A0AVI4|protein|GO_0061630|molecular_function|9606
"[""PMID:16179649""]"|IDA|enables|"[""enables""]"|A0AVK6|protein|GO_0000978|molecular_function|9606
"[""GO_REF:0000113""]"|ISA|enables|"[""enables""]"|A0AVK6|protein|GO_0000981|molecular_function|9606
"[""PMID:22903062""]"|IDA|enables|"[""enables""]"|A0AVK6|protein|GO_0000987|molecular_function|9606
"[""GO_REF:0000024""]"|ISS|enables|"[""enables""]"|A0AVK6|protein|GO_0001217|molecular_function|9606
"[""PMID:16179649""]"|IDA|enables|"[""enables""]"|A0AVK6|protein|GO_0001227|molecular_function|9606
"[""PMID:22903062""]"|IMP|enables|"[""enables""]"|A0AVK6|protein|GO_0003700|molecular_function|9606
"[""PMID:18202719""]"|IPI|enables|"[""enables""]"|A0AVK6|protein|GO_0005515|molecular_function|9606
"[""GO_REF:0000107""]"|IEA|enables|"[""enables""]"|A0AVK6|protein|GO_0042802|molecular_function|9606
"[""PMID:28473536""]"|IDA|enables|"[""enables""]"|A0AVK6|protein|GO_1990837|molecular_function|9606
"[""GO_REF:0000003""]"|IEA|enables|"[""enables""]"|A0AVT1|protein|GO_0004839|molecular_function|9606
"[""PMID:17889673""]"|IPI|enables|"[""enables""]"|A0AVT1|protein|GO_0005515|molecular_function|9606
"[""GO_REF:0000043""]"|IEA|enables|"[""enables""]"|A0AVT1|protein|GO_0005524|molecular_function|9606
"[""PMID:17889673""]"|IMP|enables|"[""enables""]"|A0AVT1|protein|GO_0019780|molecular_function|9606
"[""PMID:24373768""]"|IDA|enables|"[""enables""]"|A0FGR8|protein|GO_0005509|molecular_function|9606
"[""PMID:22119785""]"|IPI|enables|"[""enables""]"|A0FGR8|protein|GO_0005515|molecular_function|9606
"[""PMID:17360437""]"|IDA|enables|"[""enables""]"|A0FGR8|protein|GO_0005544|molecular_function|9606
"[""PMID:24847877""]"|IDA|enables|"[""enables""]"|A0FGR8|protein|GO_0008429|molecular_function|9606
"[""PMID:24847877""]"|IDA|enables|"[""enables""]"|A0FGR8|protein|GO_0031210|molecular_function|9606
"[""PMID:24847877""]"|IDA|enables|"[""enables""]"|A0FGR8|protein|GO_0035091|molecular_function|9606
"[""PMID:23791178""]"|IPI|enables|"[""enables""]"|A0FGR8|protein|GO_0042802|molecular_function|9606
"[""PMID:25468996""]"|HDA|enables|"[""enables""]"|A0FGR8|protein|GO_0045296|molecular_function|9606
"[""PMID:23791178""]"|IPI|enables|"[""enables""]"|A0FGR9|protein|GO_0005515|molecular_function|9606
"[""GO_REF:0000002""]"|IEA|enables|"[""enables""]"|A0JLT2|protein|GO_0003712|molecular_function|9606
"[""PMID:14576168""]"|IPI|enables|"[""enables""]"|A0JLT2|protein|GO_0005515|molecular_function|9606
"[""PMID:20163565""]"|IPI|enables|"[""enables""]"|A0JNW5|protein|GO_0005515|molecular_function|9606
"[""PMID:20163565""]"|IPI|enables|"[""enables""]"|A0JNW5|protein|GO_0042803|molecular_function|9606
"[""PMID:20163565""]"|IDA|enables|"[""enables""]"|A0JNW5|protein|GO_0062069|molecular_function|9606
"[""PMID:35499567""]"|IDA|enables|"[""enables""]"|A0JNW5|protein|GO_0120013|molecular_function|9606
"[""PMID:32296183""]"|IPI|enables|"[""enables""]"|A0JP26|protein|GO_0005515|molecular_function|9606
"[""PMID:25416956""]"|IPI|enables|"[""enables""]"|A0MZ66|protein|GO_0005515|molecular_function|9606
"[""GO_REF:0000107""]"|IEA|enables|"[""enables""]"|A0MZ66|protein|GO_0019894|molecular_function|9606
"[""PMID:25468996""]"|HDA|enables|"[""enables""]"|A0MZ66|protein|GO_0045296|molecular_function|9606
"[""GO_REF:0000024""]"|ISS|enables|"[""enables""]"|A0MZ66|protein|GO_0051015|molecular_function|9606
"[""GO_REF:0000043""]"|IEA|enables|"[""enables""]"|A0PJE2|protein|GO_0016491|molecular_function|9606
"[""Reactome:R-HSA-8876283""]"|TAS|enables|"[""enables""]"|A0PJK1|protein|GO_0015370|molecular_function|9606
"[""GO_REF:0000107""]"|IEA|enables|"[""enables""]"|A0PJK1|protein|GO_0140929|molecular_function|9606
"[""GO_REF:0000107""]"|IEA|enables|"[""enables""]"|A0PJK1|protein|GO_0140930|molecular_function|9606
"[""PMID:34969438""]"|IDA|enables|"[""enables""]"|A0PJW6|protein|GO_0097177|molecular_function|9606
"[""PMID:32296183""]"|IPI|enables|"[""enables""]"|A0PJW8|protein|GO_0005515|molecular_function|9606
"[""PMID:22779914""]"|IDA|enables|"[""enables""]"|A0PJX0|protein|GO_0000287|molecular_function|9606
"[""PMID:22779914""]"|IDA|enables|"[""enables""]"|A0PJX0|protein|GO_0005509|molecular_function|9606
"[""PMID:22779914""]"|IPI|enables|"[""enables""]"|A0PJX0|protein|GO_0005515|molecular_function|9606
"[""PMID:25416956""]"|IPI|enables|"[""enables""]"|A0PJX4|protein|GO_0005515|molecular_function|9606
"[""GO_REF:0000107""]"|IEA|enables|"[""enables""]"|A0PJY2|protein|GO_0001227|molecular_function|9606
"[""PMID:32296183""]"|IPI|enables|"[""enables""]"|A0PJY2|protein|GO_0005515|molecular_function|9606
"[""GO_REF:0000043""]"|IEA|enables|"[""enables""]"|A0PJY2|protein|GO_0046872|molecular_function|9606
"[""PMID:19940119""]"|IDA|enables|"[""enables""]"|A0PJZ3|protein|GO_0035252|molecular_function|9606
"[""GO_REF:0000003""]"|IEA|enables|"[""enables""]"|A0PJZ3|protein|GO_0140563|molecular_function|9606
"[""GO_REF:0000015""]"|ND|enables|"[""enables""]"|A0PK00|protein|GO_0003674|molecular_function|9606
"[""PMID:25416956""]"|IPI|enables|"[""enables""]"|A0PK00|protein|GO_0005515|molecular_function|9606
"[""PMID:32296183""]"|IPI|enables|"[""enables""]"|A0PK05|protein|GO_0005515|molecular_function|9606
"[""PMID:32296183""]"|IPI|enables|"[""enables""]"|A0PK11|protein|GO_0005515|molecular_function|9606
"[""Reactome:R-HSA-8981637""]"|TAS|enables|"[""enables""]"|A1A4S6|protein|GO_0005096|molecular_function|9606
"[""PMID:11432776""]"|IPI|enables|"[""enables""]"|A1A4S6|protein|GO_0005515|molecular_function|9606
"[""PMID:29420192""]"|IDA|enables|"[""enables""]"|A1A4Y4|protein|GO_0003924|molecular_function|9606
"[""PMID:30612879""]"|IDA|enables|"[""enables""]"|A1A4Y4|protein|GO_0003925|molecular_function|9606
"[""PMID:25891078""]"|IPI|enables|"[""enables""]"|A1A4Y4|protein|GO_0005515|molecular_function|9606
"[""GO_REF:0000043""]"|IEA|enables|"[""enables""]"|A1A4Y4|protein|GO_0005525|molecular_function|9606
"[""PMID:25891078""]"|IPI|enables|"[""enables""]"|A1A4Y4|protein|GO_0019901|molecular_function|9606
"[""PMID:25891078""]"|IDA|enables|"[""enables""]"|A1A4Y4|protein|GO_0030674|molecular_function|9606
"[""PMID:25891078""]"|IDA|enables|"[""enables""]"|A1A4Y4|protein|GO_0043539|molecular_function|9606
"[""PMID:25891078""]"|IMP|enables|"[""enables""]"|A1A4Y4|protein|GO_0050700|molecular_function|9606
"[""PMID:25891078""]"|IMP|enables|"[""enables""]"|A1A4Y4|protein|GO_0051434|molecular_function|9606
"[""GO_REF:0000043""]"|IEA|enables|"[""enables""]"|A1A519|protein|GO_0003677|molecular_function|9606
"[""GO_REF:0000043""]"|IEA|enables|"[""enables""]"|A1A519|protein|GO_0046872|molecular_function|9606
"[""PMID:25416956""]"|IPI|enables|"[""enables""]"|A1A580|protein|GO_0005515|molecular_function|9606
"[""PMID:22946059""]"|IMP|enables|"[""enables""]"|A1A5B4|protein|GO_0005229|molecular_function|9606
"[""PMID:21525870""]"|IPI|enables|"[""enables""]"|A1A5B4|protein|GO_0005515|molecular_function|9606
"[""GO_REF:0000107""]"|IEA|enables|"[""enables""]"|A1A5B4|protein|GO_0017128|molecular_function|9606
"[""PMID:25416956""]"|IPI|enables|"[""enables""]"|A1A5C7|protein|GO_0005515|molecular_function|9606
"[""GO_REF:0000002""]"|IEA|enables|"[""enables""]"|A1A5C7|protein|GO_0022857|molecular_function|9606
"[""PMID:25416956""]"|IPI|enables|"[""enables""]"|A1A5D9|protein|GO_0005515|molecular_function|9606
"[""GO_REF:0000107""]"|IEA|enables|"[""enables""]"|A1A5D9|protein|GO_0031267|molecular_function|9606
"[""PMID:25911094""]"|IPI|enables|"[""enables""]"|A1E959|protein|GO_0005515|molecular_function|9606
"[""GO_REF:0000043""]"|IEA|enables|"[""enables""]"|A1KZ92|protein|GO_0004519|molecular_function|9606
"[""GO_REF:0000024""]"|ISS|enables|"[""enables""]"|A1KZ92|protein|GO_0004601|molecular_function|9606
"[""GO_REF:0000024""]"|ISS|enables|"[""enables""]"|A1KZ92|protein|GO_0020037|molecular_function|9606
"[""GO_REF:0000043""]"|IEA|enables|"[""enables""]"|A1KZ92|protein|GO_0046872|molecular_function|9606
"[""GO_REF:0000003""]"|IEA|enables|"[""enables""]"|A1KZ92|protein|GO_0140825|molecular_function|9606
"[""PMID:22681889""]"|HDA|enables|"[""enables""]"|A1L020|protein|GO_0003723|molecular_function|9606
"[""GO_REF:0000043""]"|IEA|enables|"[""enables""]"|A1L020|protein|GO_0046872|molecular_function|9606
"[""GO_REF:0000002""]"|IEA|enables|"[""enables""]"|A1L0T0|protein|GO_0000287|molecular_function|9606
"[""GO_REF:0000015""]"|ND|enables|"[""enables""]"|A1L0T0|protein|GO_0003674|molecular_function|9606
"[""PMID:25416956""]"|IPI|enables|"[""enables""]"|A1L0T0|protein|GO_0005515|molecular_function|9606
"[""GO_REF:0000043""]"|IEA|enables|"[""enables""]"|A1L0T0|protein|GO_0016829|molecular_function|9606
"[""GO_REF:0000002""]"|IEA|enables|"[""enables""]"|A1L0T0|protein|GO_0030976|molecular_function|9606
"[""PMID:25416956""]"|IPI|enables|"[""enables""]"|A1L162|protein|GO_0005515|molecular_function|9606
"[""PMID:24000165""]"|IPI|enables|"[""enables""]"|A1L167|protein|GO_0005515|molecular_function|9606
"[""GO_REF:0000043""]"|IEA|enables|"[""enables""]"|A1L167|protein|GO_0005524|molecular_function|9606
"[""PMID:24000165""]"|IDA|enables|"[""enables""]"|A1L167|protein|GO_0061631|molecular_function|9606
"[""PMID:32296183""]"|IPI|enables|"[""enables""]"|A1L168|protein|GO_0005515|molecular_function|9606
"[""PMID:27499296""]"|IPI|enables|"[""enables""]"|A1L188|protein|GO_0005515|molecular_function|9606
"[""PMID:25416956""]"|IPI|enables|"[""enables""]"|A1L190|protein|GO_0005515|molecular_function|9606
"[""PMID:27555588""]"|IDA|enables|"[""enables""]"|A1L390|protein|GO_0003779|molecular_function|9606
"[""Reactome:R-HSA-9013159""]"|TAS|enables|"[""enables""]"|A1L390|protein|GO_0005085|molecular_function|9606
"[""PMID:20937905""]"|IPI|enables|"[""enables""]"|A1L3X0|protein|GO_0005515|molecular_function|9606
"[""PMID:19826053""]"|EXP|enables|"[""enables""]"|A1L3X0|protein|GO_0009922|molecular_function|9606
"[""GO_REF:0000116""]"|IEA|enables|"[""enables""]"|A1L3X0|protein|GO_0102336|molecular_function|9606
"[""GO_REF:0000003""]"|IEA|enables|"[""enables""]"|A1L3X0|protein|GO_0102756|molecular_function|9606
"[""PMID:25416956""]"|IPI|enables|"[""enables""]"|A1L3X4|protein|GO_0005515|molecular_function|9606
"[""GO_REF:0000043""]"|IEA|enables|"[""enables""]"|A1L3X4|protein|GO_0046872|molecular_function|9606
"[""PMID:25416956""]"|IPI|enables|"[""enables""]"|A1L429|protein|GO_0005515|molecular_function|9606
"[""GO_REF:0000024""]"|ISS|enables|"[""enables""]"|A1L4H1|protein|GO_0001968|molecular_function|9606
"[""GO_REF:0000024""]"|ISS|enables|"[""enables""]"|A1L4H1|protein|GO_0005044|molecular_function|9606
"[""PMID:25416956""]"|IPI|enables|"[""enables""]"|A1L4H1|protein|GO_0005515|molecular_function|9606
"[""GO_REF:0000024""]"|ISS|enables|"[""enables""]"|A1L4H1|protein|GO_0043236|molecular_function|9606
"[""GO_REF:0000024""]"|ISS|enables|"[""enables""]"|A1L4H1|protein|GO_0050840|molecular_function|9606
"[""PMID:25416956""]"|IPI|enables|"[""enables""]"|A1L4K1|protein|GO_0005515|molecular_function|9606
"[""PMID:19755710""]"|IPI|enables|"[""enables""]"|A1X283|protein|GO_0005515|molecular_function|9606
"[""GO_REF:0000024""]"|ISS|enables|"[""enables""]"|A1X283|protein|GO_0010314|molecular_function|9606
"[""GO_REF:0000024""]"|ISS|enables|"[""enables""]"|A1X283|protein|GO_0032266|molecular_function|9606
"[""GO_REF:0000024""]"|ISS|enables|"[""enables""]"|A1X283|protein|GO_0042169|molecular_function|9606
"[""GO_REF:0000024""]"|ISS|enables|"[""enables""]"|A1X283|protein|GO_0080025|molecular_function|9606
"[""PMID:25416956""]"|IPI|enables|"[""enables""]"|A1XBS5|protein|GO_0005515|molecular_function|9606
"[""PMID:30404948""]"|IDA|enables|"[""enables""]"|A1XBS5|protein|GO_0005543|molecular_function|9606
"[""GO_REF:0000015""]"|ND|enables|"[""enables""]"|A1YPR0|protein|GO_0003674|molecular_function|9606
"[""GO_REF:0000043""]"|IEA|enables|"[""enables""]"|A1YPR0|protein|GO_0046872|molecular_function|9606
"[""PMID:23474712""]"|IDA|enables|"[""enables""]"|A1Z1Q3|protein|GO_0016798|molecular_function|9606
"[""PMID:21257746""]"|IDA|enables|"[""enables""]"|A1Z1Q3|protein|GO_0019213|molecular_function|9606
"[""PMID:23474714""]"|IDA|enables|"[""enables""]"|A1Z1Q3|protein|GO_0140293|molecular_function|9606
"[""PMID:26134560""]"|IPI|enables|"[""enables""]"|A2A288|protein|GO_0005515|molecular_function|9606
"[""GO_REF:0000043""]"|IEA|enables|"[""enables""]"|A2A288|protein|GO_0046872|molecular_function|9606
"[""PMID:32296183""]"|IPI|enables|"[""enables""]"|A2A2V5|protein|GO_0005515|molecular_function|9606
"[""PMID:32296183""]"|IPI|enables|"[""enables""]"|A2A2Y4|protein|GO_0005515|molecular_function|9606
"[""GO_REF:0000002""]"|IEA|enables|"[""enables""]"|A2A2Y4|protein|GO_0008092|molecular_function|9606
"[""PMID:32296183""]"|IPI|enables|"[""enables""]"|A2A3K4|protein|GO_0005515|molecular_function|9606
"[""GO_REF:0000002""]"|IEA|enables|"[""enables""]"|A2A3K4|protein|GO_0008138|molecular_function|9606
"[""GO_REF:0000002""]"|IEA|enables|"[""enables""]"|A2A3N6|protein|GO_0016307|molecular_function|9606
"[""GO_REF:0000002""]"|IEA|enables|"[""enables""]"|A2CJ06|protein|GO_0008270|molecular_function|9606
"[""GO_REF:0000002""]"|IEA|enables|"[""enables""]"|A2PYH4|protein|GO_0003676|molecular_function|9606
"[""GO_REF:0000043""]"|IEA|enables|"[""enables""]"|A2PYH4|protein|GO_0005524|molecular_function|9606
"[""GO_REF:0000116""]"|IEA|enables|"[""enables""]"|A2PYH4|protein|GO_0016887|molecular_function|9606
"[""PMID:25416956""]"|IPI|enables|"[""enables""]"|A2RRD8|protein|GO_0005515|molecular_function|9606
"[""GO_REF:0000043""]"|IEA|enables|"[""enables""]"|A2RRD8|protein|GO_0046872|molecular_function|9606
"[""PMID:25416956""]"|IPI|enables|"[""enables""]"|A2RRH5|protein|GO_0005515|molecular_function|9606
"[""PMID:19369418""]"|IDA|enables|"[""enables""]"|A2RRP1|protein|GO_0000149|molecular_function|9606
"[""PMID:29929043""]"|IPI|enables|"[""enables""]"|A2RRP1|protein|GO_0005515|molecular_function|9606
"[""GO_REF:0000015""]"|ND|enables|"[""enables""]"|A2RTX5|protein|GO_0003674|molecular_function|9606
"[""GO_REF:0000024""]"|ISS|enables|"[""enables""]"|A2RTX5|protein|GO_0004829|molecular_function|9606
"[""PMID:24312579""]"|IPI|enables|"[""enables""]"|A2RTX5|protein|GO_0005515|molecular_function|9606
"[""GO_REF:0000043""]"|IEA|enables|"[""enables""]"|A2RTX5|protein|GO_0005524|molecular_function|9606
"[""GO_REF:0000117""]"|IEA|enables|"[""enables""]"|A2RTX5|protein|GO_0042802|molecular_function|9606
"[""PMID:32296183""]"|IPI|enables|"[""enables""]"|A2RTY3|protein|GO_0005515|molecular_function|9606
"[""PMID:25416956""]"|IPI|enables|"[""enables""]"|A2RU14|protein|GO_0005515|molecular_function|9606
"[""GO_REF:0000002""]"|IEA|enables|"[""enables""]"|A2RU30|protein|GO_0005102|molecular_function|9606
"[""GO_REF:0000107""]"|IEA|enables|"[""enables""]"|A2RU30|protein|GO_0043274|molecular_function|9606
"[""PMID:25416956""]"|IPI|enables|"[""enables""]"|A2RU48|protein|GO_0005515|molecular_function|9606
"[""PMID:22241472""]"|IDA|enables|"[""enables""]"|A2RU49|protein|GO_0047992|molecular_function|9606
"[""GO_REF:0000113""]"|ISA|enables|"[""enables""]"|A2RU54|protein|GO_0000981|molecular_function|9606
"[""PMID:28473536""]"|IDA|enables|"[""enables""]"|A2RU54|protein|GO_1990837|molecular_function|9606
"[""PMID:28235840""]"|IPI|enables|"[""enables""]"|A2RUB6|protein|GO_0005515|molecular_function|9606
"[""PMID:28235840""]"|IDA|enables|"[""enables""]"|A2RUB6|protein|GO_0008017|molecular_function|9606
"[""GO_REF:0000024""]"|ISS|enables|"[""enables""]"|A2RUB6|protein|GO_0042803|molecular_function|9606
"[""PMID:20972222""]"|IDA|enables|"[""enables""]"|A2RUC4|protein|GO_0000049|molecular_function|9606
"[""PMID:20972222""]"|IDA|enables|"[""enables""]"|A2RUC4|protein|GO_0005506|molecular_function|9606
"[""PMID:20972222""]"|IDA|enables|"[""enables""]"|A2RUC4|protein|GO_0042803|molecular_function|9606
"[""PMID:20739293""]"|IDA|enables|"[""enables""]"|A2RUC4|protein|GO_0102524|molecular_function|9606
"[""GO_REF:0000015""]"|ND|enables|"[""enables""]"|A2RUH7|protein|GO_0003674|molecular_function|9606
"[""PMID:25416956""]"|IPI|enables|"[""enables""]"|A2RUH7|protein|GO_0005515|molecular_function|9606
"[""PMID:32991878""]"|RCA|enables|"[""enables""]"|A2RUR9|protein|GO_0046904|molecular_function|9606
"[""PMID:20937701""]"|IDA|enables|"[""enables""]"|A2RUS2|protein|GO_0005085|molecular_function|9606
"[""GO_REF:0000002""]"|IEA|enables|"[""enables""]"|A2RUU4|protein|GO_0008047|molecular_function|9606
"[""PMID:25416956""]"|IPI|enables|"[""enables""]"|A2VCK2|protein|GO_0005515|molecular_function|9606
"[""GO_REF:0000024""]"|ISS|enables|"[""enables""]"|A2VDF0|protein|GO_0016857|molecular_function|9606
"[""GO_REF:0000024""]"|ISS|enables|"[""enables""]"|A2VDF0|protein|GO_0036373|molecular_function|9606
"[""GO_REF:0000024""]"|ISS|enables|"[""enables""]"|A2VDF0|protein|GO_0042806|molecular_function|9606
"[""GO_REF:0000002""]"|IEA|enables|"[""enables""]"|A2VEC9|protein|GO_0030414|molecular_function|9606
"[""GO_REF:0000043""]"|IEA|enables|"[""enables""]"|A3KFT3|protein|GO_0004930|molecular_function|9606
"[""PMID:30204880""]"|IPI|enables|"[""enables""]"|A3KMH1|protein|GO_0005515|molecular_function|9606
"[""GO_REF:0000043""]"|IEA|enables|"[""enables""]"|A3KMH1|protein|GO_0005524|molecular_function|9606
"[""GO_REF:0000024""]"|ISS|enables|"[""enables""]"|A3KMH1|protein|GO_0016887|molecular_function|9606
"[""GO_REF:0000015""]"|ND|enables|"[""enables""]"|A3KN83|protein|GO_0003674|molecular_function|9606
"[""PMID:26687144""]"|IDA|enables|"[""enables""]"|A4D126|protein|GO_0042803|molecular_function|9606
"[""PMID:26687144""]"|IDA|enables|"[""enables""]"|A4D126|protein|GO_0047349|molecular_function|9606
"[""PMID:26687144""]"|IDA|enables|"[""enables""]"|A4D126|protein|GO_0070567|molecular_function|9606
"[""PMID:21653829""]"|IPI|enables|"[""enables""]"|A4D161|protein|GO_0005515|molecular_function|9606
"[""PMID:20811458""]"|IDA|enables|"[""enables""]"|A4D1B5|protein|GO_0001540|molecular_function|9606
"[""PMID:20811458""]"|IPI|enables|"[""enables""]"|A4D1B5|protein|GO_0005515|molecular_function|9606
"[""GO_REF:0000043""]"|IEA|enables|"[""enables""]"|A4D1E1|protein|GO_0046872|molecular_function|9606
"[""GO_REF:0000002""]"|IEA|enables|"[""enables""]"|A4D1E9|protein|GO_0000287|molecular_function|9606
"[""PMID:22658674""]"|HDA|enables|"[""enables""]"|A4D1E9|protein|GO_0003723|molecular_function|9606
"[""PMID:25416956""]"|IPI|enables|"[""enables""]"|A4D1E9|protein|GO_0005515|molecular_function|9606
"[""PMID:17500595""]"|IPI|enables|"[""enables""]"|A4D1P6|protein|GO_0005515|molecular_function|9606
"[""PMID:26783301""]"|IMP|enables|"[""enables""]"|A4D1P6|protein|GO_0035014|molecular_function|9606
"[""GO_REF:0000043""]"|IEA|enables|"[""enables""]"|A4D1S0|protein|GO_0030246|molecular_function|9606
"[""PMID:32296183""]"|IPI|enables|"[""enables""]"|A4D1S5|protein|GO_0005515|molecular_function|9606
"[""GO_REF:0000043""]"|IEA|enables|"[""enables""]"|A4D1S5|protein|GO_0005525|molecular_function|9606
"[""GO_REF:0000002""]"|IEA|enables|"[""enables""]"|A4D1T9|protein|GO_0004252|molecular_function|9606
"[""GO_REF:0000043""]"|IEA|enables|"[""enables""]"|A4D1U4|protein|GO_0005085|molecular_function|9606
"[""GO_REF:0000043""]"|IEA|enables|"[""enables""]"|A4D1Z8|protein|GO_0030246|molecular_function|9606
"[""GO_REF:0000003""]"|IEA|enables|"[""enables""]"|A4D256|protein|GO_0004725|molecular_function|9606
"[""GO_REF:0000002""]"|IEA|enables|"[""enables""]"|A4D256|protein|GO_0008138|molecular_function|9606
"[""GO_REF:0000003""]"|IEA|enables|"[""enables""]"|A4D256|protein|GO_0017018|molecular_function|9606
"[""GO_REF:0000015""]"|ND|enables|"[""enables""]"|A4D263|protein|GO_0003674|molecular_function|9606
"[""PMID:30507380""]"|IMP|enables|"[""enables""]"|A4D2B0|protein|GO_0004521|molecular_function|9606
"[""PMID:30507380""]"|IDA|enables|"[""enables""]"|A4D2B0|protein|GO_0046872|molecular_function|9606
"[""GO_REF:0000043""]"|IEA|enables|"[""enables""]"|A4D2B8|protein|GO_0016301|molecular_function|9606
"[""GO_REF:0000002""]"|IEA|enables|"[""enables""]"|A4D2B8|protein|GO_0016887|molecular_function|9606
"[""GO_REF:0000002""]"|IEA|enables|"[""enables""]"|A4D2B8|protein|GO_0140664|molecular_function|9606
"[""GO_REF:0000043""]"|IEA|enables|"[""enables""]"|A4D2G3|protein|GO_0004930|molecular_function|9606
"[""GO_REF:0000002""]"|IEA|enables|"[""enables""]"|A4FU69|protein|GO_0005509|molecular_function|9606
"[""GO_REF:0000002""]"|IEA|enables|"[""enables""]"|A4GXA9|protein|GO_0003677|molecular_function|9606
"[""PMID:17289582""]"|IPI|enables|"[""enables""]"|A4GXA9|protein|GO_0005515|molecular_function|9606
"[""GO_REF:0000002""]"|IEA|enables|"[""enables""]"|A4IF30|protein|GO_0022857|molecular_function|9606
"[""PMID:32296183""]"|IPI|enables|"[""enables""]"|A4QMS7|protein|GO_0005515|molecular_function|9606
"[""GO_REF:0000043""]"|IEA|enables|"[""enables""]"|A4QPH2|protein|GO_0016301|molecular_function|9606
"[""PMID:15454575""]"|IMP|enables|"[""enables""]"|A4UGR9|protein|GO_0051015|molecular_function|9606
"[""GO_REF:0000107""]"|IEA|enables|"[""enables""]"|A4UGR9|protein|GO_0051393|molecular_function|9606
"[""GO_REF:0000015""]"|ND|enables|"[""enables""]"|A5D6W6|protein|GO_0003674|molecular_function|9606
"[""GO_REF:0000024""]"|ISS|enables|"[""enables""]"|A5D6W6|protein|GO_0017129|molecular_function|9606
"[""GO_REF:0000024""]"|ISS|enables|"[""enables""]"|A5D6W6|protein|GO_0019992|molecular_function|9606
"[""GO_REF:0000002""]"|IEA|enables|"[""enables""]"|A5D6W6|protein|GO_0106399|molecular_function|9606
"[""PMID:25416956""]"|IPI|enables|"[""enables""]"|A5D8T8|protein|GO_0005515|molecular_function|9606
"[""PMID:26170455""]"|IDA|enables|"[""enables""]"|A5D8T8|protein|GO_0030247|molecular_function|9606
"[""PMID:17853893""]"|IPI|enables|"[""enables""]"|A5D8V6|protein|GO_0005515|molecular_function|9606
"[""PMID:23924735""]"|IPI|enables|"[""enables""]"|A5D8V6|protein|GO_0048306|molecular_function|9606
"[""PMID:23455924""]"|IPI|enables|"[""enables""]"|A5D8V7|protein|GO_0005515|molecular_function|9606
"[""GO_REF:0000043""]"|IEA|enables|"[""enables""]"|A5LHX3|protein|GO_0004298|molecular_function|9606
"[""PMID:32296183""]"|IPI|enables|"[""enables""]"|A5LHX3|protein|GO_0005515|molecular_function|9606
"[""PMID:17540904""]"|IDA|enables|"[""enables""]"|A5LHX3|protein|GO_0008233|molecular_function|9606
"[""PMID:23603394""]"|IDA|enables|"[""enables""]"|A5PKW4|protein|GO_0005085|molecular_function|9606
"[""PMID:20339350""]"|IPI|enables|"[""enables""]"|A5PKW4|protein|GO_0005515|molecular_function|9606
"[""GO_REF:0000002""]"|IEA|enables|"[""enables""]"|A5PKW4|protein|GO_0005543|molecular_function|9606
"[""GO_REF:0000015""]"|ND|enables|"[""enables""]"|A5PL33|protein|GO_0003674|molecular_function|9606
"[""PMID:32814053""]"|IPI|enables|"[""enables""]"|A5PLL7|protein|GO_0005515|molecular_function|9606
"[""PMID:31604315""]"|IDA|enables|"[""enables""]"|A5PLL7|protein|GO_0050207|molecular_function|9606
"[""PMID:21453443""]"|IPI|enables|"[""enables""]"|A5PLN9|protein|GO_0005515|molecular_function|9606
"[""PMID:17392525""]"|IDA|enables|"[""enables""]"|A5X5Y0|protein|GO_0022850|molecular_function|9606
"[""PMID:21976065""]"|IDA|enables|"[""contributes_to""]"|A5YKK6|protein|GO_0004535|molecular_function|9606
"[""PMID:22658674""]"|HDA|enables|"[""enables""]"|A5YKK6|protein|GO_0003723|molecular_function|9606
"[""PMID:10637334""]"|IPI|enables|"[""enables""]"|A5YKK6|protein|GO_0005515|molecular_function|9606
"[""PMID:24768540""]"|IPI|enables|"[""enables""]"|A5YKK6|protein|GO_0019904|molecular_function|9606
"[""PMID:16778766""]"|IDA|enables|"[""enables""]"|A5YKK6|protein|GO_0030331|molecular_function|9606
"[""PMID:16778766""]"|IDA|enables|"[""enables""]"|A5YKK6|protein|GO_0042974|molecular_function|9606
"[""PMID:22977175""]"|IDA|enables|"[""enables""]"|A5YKK6|protein|GO_0060090|molecular_function|9606
"[""PMID:24768540""]"|IPI|enables|"[""enables""]"|A5YKK6|protein|GO_0070016|molecular_function|9606
"[""GO_REF:0000043""]"|IEA|enables|"[""enables""]"|A5YM72|protein|GO_0005524|molecular_function|9606
"[""PMID:20097752""]"|IDA|enables|"[""enables""]"|A5YM72|protein|GO_0016887|molecular_function|9606
"[""GO_REF:0000043""]"|IEA|enables|"[""enables""]"|A5YM72|protein|GO_0046872|molecular_function|9606
"[""PMID:20097752""]"|IDA|enables|"[""enables""]"|A5YM72|protein|GO_0047730|molecular_function|9606
"[""PMID:20097752""]"|IDA|enables|"[""enables""]"|A5YM72|protein|GO_0102102|molecular_function|9606
"[""PMID:32296183""]"|IPI|enables|"[""enables""]"|A6BM72|protein|GO_0005515|molecular_function|9606
"[""GO_REF:0000002""]"|IEA|enables|"[""enables""]"|A6H8M9|protein|GO_0005509|molecular_function|9606
"[""PMID:16542149""]"|IPI|enables|"[""enables""]"|A6H8Y1|protein|GO_0005515|molecular_function|9606
"[""PMID:32296183""]"|IPI|enables|"[""enables""]"|A6H8Z2|protein|GO_0005515|molecular_function|9606
"[""GO_REF:0000002""]"|IEA|enables|"[""enables""]"|A6NC86|protein|GO_0004859|molecular_function|9606
"[""PMID:32296183""]"|IPI|enables|"[""enables""]"|A6NC98|protein|GO_0005515|molecular_function|9606
"[""PMID:21911577""]"|IPI|enables|"[""enables""]"|A6NCC3|protein|GO_0005515|molecular_function|9606
"[""GO_REF:0000002""]"|IEA|enables|"[""enables""]"|A6NCK2|protein|GO_0008270|molecular_function|9606
"[""GO_REF:0000024""]"|ISS|enables|"[""enables""]"|A6NCL1|protein|GO_0003682|molecular_function|9606
"[""PMID:32296183""]"|IPI|enables|"[""enables""]"|A6NCL1|protein|GO_0005515|molecular_function|9606
"[""GO_REF:0000002""]"|IEA|enables|"[""enables""]"|A6NCL2|protein|GO_0008047|molecular_function|9606
"[""GO_REF:0000043""]"|IEA|enables|"[""enables""]"|A6NCM1|protein|GO_0005524|molecular_function|9606
"[""GO_REF:0000002""]"|IEA|enables|"[""enables""]"|A6NCM1|protein|GO_0016887|molecular_function|9606
"[""GO_REF:0000043""]"|IEA|enables|"[""enables""]"|A6NCQ9|protein|GO_0046872|molecular_function|9606
"[""PMID:15649947""]"|IMP|enables|"[""enables""]"|A6NCS4|protein|GO_0000978|molecular_function|9606
"[""GO_REF:0000113""]"|ISA|enables|"[""enables""]"|A6NCS4|protein|GO_0000981|molecular_function|9606
"[""PMID:15649947""]"|IMP|enables|"[""enables""]"|A6NCS4|protein|GO_0001228|molecular_function|9606
"[""PMID:15649947""]"|IDA|enables|"[""enables""]"|A6NCS4|protein|GO_0003700|molecular_function|9606
"[""GO_REF:0000043""]"|IEA|enables|"[""enables""]"|A6NCV1|protein|GO_0004930|molecular_function|9606
"[""GO_REF:0000107""]"|IEA|enables|"[""enables""]"|A6ND01|protein|GO_0005102|molecular_function|9606
"[""PMID:24739963""]"|IPI|enables|"[""enables""]"|A6ND01|protein|GO_0005515|molecular_function|9606
"[""PMID:24739963""]"|IPI|enables|"[""enables""]"|A6ND01|protein|GO_0038023|molecular_function|9606
"[""PMID:23455922""]"|IPI|enables|"[""enables""]"|A6ND36|protein|GO_0005515|molecular_function|9606
"[""GO_REF:0000043""]"|IEA|enables|"[""enables""]"|A6ND48|protein|GO_0004930|molecular_function|9606
"[""PMID:32296183""]"|IPI|enables|"[""enables""]"|A6ND48|protein|GO_0005515|molecular_function|9606
"[""GO_REF:0000003""]"|IEA|enables|"[""enables""]"|A6ND91|protein|GO_0033735|molecular_function|9606
"[""GO_REF:0000002""]"|IEA|enables|"[""enables""]"|A6ND91|protein|GO_0050661|molecular_function|9606
"[""PMID:21187075""]"|IPI|enables|"[""enables""]"|A6NDB9|protein|GO_0005515|molecular_function|9606
"[""GO_REF:0000043""]"|IEA|enables|"[""enables""]"|A6NDB9|protein|GO_0005524|molecular_function|9606
"[""PMID:9598316""]"|NAS|enables|"[""enables""]"|A6NDE4|protein|GO_0003723|molecular_function|9606
"[""GO_REF:0000003""]"|IEA|enables|"[""enables""]"|A6NDG6|protein|GO_0000121|molecular_function|9606
"[""GO_REF:0000024""]"|ISS|enables|"[""enables""]"|A6NDG6|protein|GO_0000287|molecular_function|9606
"[""GO_REF:0000024""]"|ISS|enables|"[""enables""]"|A6NDG6|protein|GO_0004725|molecular_function|9606
"[""PMID:26755581""]"|IDA|enables|"[""enables""]"|A6NDG6|protein|GO_0008967|molecular_function|9606
"[""PMID:26755581""]"|IDA|enables|"[""enables""]"|A6NDG6|protein|GO_0043136|molecular_function|9606
"[""GO_REF:0000107""]"|IEA|enables|"[""enables""]"|A6NDG6|protein|GO_0043262|molecular_function|9606
"[""GO_REF:0000043""]"|IEA|enables|"[""enables""]"|A6NDH6|protein|GO_0004930|molecular_function|9606
"[""GO_REF:0000002""]"|IEA|enables|"[""enables""]"|A6NDI0|protein|GO_0008270|molecular_function|9606
"[""GO_REF:0000043""]"|IEA|enables|"[""enables""]"|A6NDL8|protein|GO_0004930|molecular_function|9606
"[""PMID:32296183""]"|IPI|enables|"[""enables""]"|A6NDP7|protein|GO_0005515|molecular_function|9606
"[""PMID:32296183""]"|IPI|enables|"[""enables""]"|A6NDU8|protein|GO_0005515|molecular_function|9606
"[""PMID:15498789""]"|IPI|enables|"[""enables""]"|A6NDV4|protein|GO_0005515|molecular_function|9606
"[""GO_REF:0000043""]"|IEA|enables|"[""enables""]"|A6NDX5|protein|GO_0046872|molecular_function|9606
"[""PMID:32296183""]"|IPI|enables|"[""enables""]"|A6NE82|protein|GO_0005515|molecular_function|9606
"[""PMID:24981860""]"|IPI|enables|"[""enables""]"|A6NED2|protein|GO_0005515|molecular_function|9606
"[""PMID:32296183""]"|IPI|enables|"[""enables""]"|A6NEL2|protein|GO_0005515|molecular_function|9606
"[""GO_REF:0000043""]"|IEA|enables|"[""enables""]"|A6NEL3|protein|GO_0008168|molecular_function|9606
"[""PMID:32296183""]"|IPI|enables|"[""enables""]"|A6NEM1|protein|GO_0005515|molecular_function|9606
"[""PMID:32296183""]"|IPI|enables|"[""enables""]"|A6NEQ0|protein|GO_0005515|molecular_function|9606
"[""PMID:32296183""]"|IPI|enables|"[""enables""]"|A6NER0|protein|GO_0005515|molecular_function|9606
"[""GO_REF:0000043""]"|IEA|enables|"[""enables""]"|A6NET4|protein|GO_0004930|molecular_function|9606
"[""GO_REF:0000002""]"|IEA|enables|"[""enables""]"|A6NEY8|protein|GO_0002161|molecular_function|9606
"[""GO_REF:0000043""]"|IEA|enables|"[""enables""]"|A6NF34|protein|GO_0046872|molecular_function|9606
"[""GO_REF:0000015""]"|ND|enables|"[""enables""]"|A6NF36|protein|GO_0003674|molecular_function|9606
"[""GO_REF:0000043""]"|IEA|enables|"[""enables""]"|A6NF89|protein|GO_0004930|molecular_function|9606
"[""PMID:22726442""]"|IDA|enables|"[""enables""]"|A6NFA1|protein|GO_0004222|molecular_function|9606
"[""PMID:22726442""]"|IPI|enables|"[""enables""]"|A6NFA1|protein|GO_0005515|molecular_function|9606
"[""PMID:22726442""]"|IDA|enables|"[""enables""]"|A6NFA1|protein|GO_0017147|molecular_function|9606
"[""GO_REF:0000043""]"|IEA|enables|"[""enables""]"|A6NFA1|protein|GO_0046872|molecular_function|9606
"[""GO_REF:0000043""]"|IEA|enables|"[""enables""]"|A6NFC9|protein|GO_0004930|molecular_function|9606
"[""GO_REF:0000113""]"|ISA|enables|"[""enables""]"|A6NFD8|protein|GO_0000981|molecular_function|9606
"[""GO_REF:0000107""]"|IEA|enables|"[""enables""]"|A6NFD8|protein|GO_0001227|molecular_function|9606
"[""GO_REF:0000107""]"|IEA|enables|"[""enables""]"|A6NFD8|protein|GO_0042802|molecular_function|9606
"[""GO_REF:0000002""]"|IEA|enables|"[""enables""]"|A6NFD8|protein|GO_0046983|molecular_function|9606
"[""GO_REF:0000002""]"|IEA|enables|"[""enables""]"|A6NFE3|protein|GO_0005509|molecular_function|9606
"[""GO_REF:0000043""]"|IEA|enables|"[""enables""]"|A6NFI3|protein|GO_0046872|molecular_function|9606
"[""PMID:25559186""]"|IDA|enables|"[""enables""]"|A6NFQ2|protein|GO_0044325|molecular_function|9606
"[""GO_REF:0000113""]"|ISA|enables|"[""enables""]"|A6NFQ7|protein|GO_0000981|molecular_function|9606
"[""PMID:28473536""]"|IDA|enables|"[""enables""]"|A6NFQ7|protein|GO_1990837|molecular_function|9606
"[""GO_REF:0000024""]"|ISS|enables|"[""enables""]"|A6NFT4|protein|GO_0070840|molecular_function|9606
"[""GO_REF:0000043""]"|IEA|enables|"[""enables""]"|A6NFU8|protein|GO_0008234|molecular_function|9606
"[""GO_REF:0000002""]"|IEA|enables|"[""enables""]"|A6NFX1|protein|GO_0015293|molecular_function|9606
"[""PMID:29045386""]"|IDA|enables|"[""enables""]"|A6NFX1|protein|GO_0046624|molecular_function|9606
"[""PMID:24606901""]"|IPI|enables|"[""enables""]"|A6NFY7|protein|GO_0005515|molecular_function|9606
"[""GO_REF:0000043""]"|IEA|enables|"[""enables""]"|A6NGB9|protein|GO_0003779|molecular_function|9606
"[""GO_REF:0000107""]"|IEA|enables|"[""enables""]"|A6NGB9|protein|GO_0017124|molecular_function|9606
"[""GO_REF:0000043""]"|IEA|enables|"[""enables""]"|A6NGD5|protein|GO_0046872|molecular_function|9606
"[""GO_REF:0000024""]"|ISS|enables|"[""enables""]"|A6NGE7|protein|GO_0016831|molecular_function|9606
"[""GO_REF:0000002""]"|IEA|enables|"[""enables""]"|A6NGJ6|protein|GO_0008270|molecular_function|9606
"[""PMID:32296183""]"|IPI|enables|"[""enables""]"|A6NGK3|protein|GO_0005515|molecular_function|9606
"[""PMID:25542835""]"|IPI|enables|"[""enables""]"|A6NGQ2|protein|GO_0005515|molecular_function|9606
"[""PMID:32296183""]"|IPI|enables|"[""enables""]"|A6NGS2|protein|GO_0005515|molecular_function|9606
"[""GO_REF:0000015""]"|ND|enables|"[""enables""]"|A6NGU5|protein|GO_0003674|molecular_function|9606
"[""GO_REF:0000003""]"|IEA|enables|"[""enables""]"|A6NGU5|protein|GO_0102953|molecular_function|9606
"[""GO_REF:0000003""]"|IEA|enables|"[""enables""]"|A6NGU5|protein|GO_0103068|molecular_function|9606
"[""GO_REF:0000043""]"|IEA|enables|"[""enables""]"|A6NGY5|protein|GO_0004930|molecular_function|9606
"[""GO_REF:0000043""]"|IEA|enables|"[""enables""]"|A6NH00|protein|GO_0004930|molecular_function|9606
"[""PMID:32296183""]"|IPI|enables|"[""enables""]"|A6NH52|protein|GO_0005515|molecular_function|9606
"[""GO_REF:0000002""]"|IEA|enables|"[""enables""]"|A6NH57|protein|GO_0003924|molecular_function|9606
"[""GO_REF:0000043""]"|IEA|enables|"[""enables""]"|A6NH57|protein|GO_0005525|molecular_function|9606
"[""GO_REF:0000043""]"|IEA|enables|"[""enables""]"|A6NHA9|protein|GO_0004930|molecular_function|9606
"[""GO_REF:0000002""]"|IEA|enables|"[""enables""]"|A6NHA9|protein|GO_0004984|molecular_function|9606
"[""GO_REF:0000002""]"|IEA|enables|"[""enables""]"|A6NHC0|protein|GO_0005509|molecular_function|9606
"[""GO_REF:0000043""]"|IEA|enables|"[""enables""]"|A6NHG4|protein|GO_0016829|molecular_function|9606
"[""GO_REF:0000043""]"|IEA|enables|"[""enables""]"|A6NHG9|protein|GO_0004930|molecular_function|9606
"[""PMID:32296183""]"|IPI|enables|"[""enables""]"|A6NHJ4|protein|GO_0005515|molecular_function|9606
"[""GO_REF:0000043""]"|IEA|enables|"[""enables""]"|A6NHJ4|protein|GO_0046872|molecular_function|9606
"[""GO_REF:0000043""]"|IEA|enables|"[""enables""]"|A6NHL2|protein|GO_0016787|molecular_function|9606
"[""GO_REF:0000043""]"|IEA|enables|"[""enables""]"|A6NHL2|protein|GO_0046872|molecular_function|9606
"[""GO_REF:0000024""]"|ISS|enables|"[""enables""]"|A6NHN0|protein|GO_0005509|molecular_function|9606
"[""GO_REF:0000024""]"|ISS|enables|"[""enables""]"|A6NHQ4|protein|GO_0003682|molecular_function|9606
"[""GO_REF:0000024""]"|ISS|enables|"[""enables""]"|A6NHQ4|protein|GO_0044877|molecular_function|9606
"[""GO_REF:0000043""]"|IEA|enables|"[""enables""]"|A6NHR9|protein|GO_0003677|molecular_function|9606
"[""PMID:23542155""]"|IPI|enables|"[""enables""]"|A6NHR9|protein|GO_0005515|molecular_function|9606
"[""GO_REF:0000002""]"|IEA|enables|"[""enables""]"|A6NHR9|protein|GO_0005524|molecular_function|9606
"[""GO_REF:0000024""]"|ISS|enables|"[""enables""]"|A6NHR9|protein|GO_0016887|molecular_function|9606
"[""GO_REF:0000024""]"|ISS|enables|"[""enables""]"|A6NHR9|protein|GO_0042803|molecular_function|9606
"[""GO_REF:0000113""]"|ISA|enables|"[""enables""]"|A6NHT5|protein|GO_0000981|molecular_function|9606
"[""PMID:26972053""]"|IPI|enables|"[""enables""]"|A6NHX0|protein|GO_0005515|molecular_function|9606
"[""PMID:26972053""]"|IDA|enables|"[""enables""]"|A6NHX0|protein|GO_0042802|molecular_function|9606
"[""GO_REF:0000002""]"|IEA|enables|"[""enables""]"|A6NI03|protein|GO_0008270|molecular_function|9606
"[""GO_REF:0000113""]"|ISA|enables|"[""enables""]"|A6NI15|protein|GO_0000981|molecular_function|9606
"[""GO_REF:0000107""]"|IEA|enables|"[""enables""]"|A6NI15|protein|GO_0001228|molecular_function|9606
"[""GO_REF:0000107""]"|IEA|enables|"[""enables""]"|A6NI15|protein|GO_0003682|molecular_function|9606
"[""PMID:32296183""]"|IPI|enables|"[""enables""]"|A6NI15|protein|GO_0005515|molecular_function|9606
"[""GO_REF:0000002""]"|IEA|enables|"[""enables""]"|A6NI15|protein|GO_0046983|molecular_function|9606
"[""PMID:28473536""]"|IDA|enables|"[""enables""]"|A6NI15|protein|GO_1990837|molecular_function|9606
"[""PMID:24335996""]"|IDA|enables|"[""enables""]"|A6NI28|protein|GO_0005096|molecular_function|9606
"[""GO_REF:0000002""]"|IEA|enables|"[""enables""]"|A6NI72|protein|GO_0035091|molecular_function|9606
"[""PMID:22085962""]"|IPI|enables|"[""enables""]"|A6NIH7|protein|GO_0005515|molecular_function|9606
"[""PMID:22085962""]"|IDA|enables|"[""enables""]"|A6NIH7|protein|GO_0008289|molecular_function|9606
"[""GO_REF:0000043""]"|IEA|enables|"[""enables""]"|A6NIJ9|protein|GO_0004930|molecular_function|9606
"[""PMID:24550280""]"|IPI|enables|"[""enables""]"|A6NIM6|protein|GO_0005515|molecular_function|9606
"[""GO_REF:0000043""]"|IEA|enables|"[""enables""]"|A6NIM6|protein|GO_0015293|molecular_function|9606
"[""GO_REF:0000043""]"|IEA|enables|"[""enables""]"|A6NIN4|protein|GO_0046872|molecular_function|9606
"[""GO_REF:0000043""]"|IEA|enables|"[""enables""]"|A6NIR3|protein|GO_0046872|molecular_function|9606
"[""PMID:20303269""]"|IPI|enables|"[""enables""]"|A6NIX2|protein|GO_0005515|molecular_function|9606
"[""GO_REF:0000043""]"|IEA|enables|"[""enables""]"|A6NIX2|protein|GO_0046872|molecular_function|9606
"[""PMID:26314965""]"|IDA|enables|"[""enables""]"|A6NJ46|protein|GO_0000978|molecular_function|9606
"[""GO_REF:0000113""]"|ISA|enables|"[""enables""]"|A6NJ46|protein|GO_0000981|molecular_function|9606
"[""PMID:26314965""]"|IDA|enables|"[""enables""]"|A6NJ46|protein|GO_0001227|molecular_function|9606
"[""PMID:26314965""]"|IDA|enables|"[""enables""]"|A6NJ46|protein|GO_0001228|molecular_function|9606
"[""PMID:28473536""]"|IDA|enables|"[""enables""]"|A6NJ46|protein|GO_0043565|molecular_function|9606
"[""PMID:28473536""]"|IDA|enables|"[""enables""]"|A6NJ46|protein|GO_1990837|molecular_function|9606
"[""PMID:31665743""]"|IDA|enables|"[""enables""]"|A6NJ78|protein|GO_0071424|molecular_function|9606
"[""PMID:25416956""]"|IPI|enables|"[""enables""]"|A6NJB7|protein|GO_0005515|molecular_function|9606
"[""GO_REF:0000113""]"|ISA|enables|"[""enables""]"|A6NJG6|protein|GO_0000981|molecular_function|9606
"[""PMID:28473536""]"|IDA|enables|"[""enables""]"|A6NJG6|protein|GO_1990837|molecular_function|9606
"[""PMID:32296183""]"|IPI|enables|"[""enables""]"|A6NJL1|protein|GO_0005515|molecular_function|9606
"[""GO_REF:0000043""]"|IEA|enables|"[""enables""]"|A6NJL1|protein|GO_0046872|molecular_function|9606
"[""GO_REF:0000113""]"|ISA|enables|"[""enables""]"|A6NJT0|protein|GO_0000981|molecular_function|9606
"[""PMID:28473536""]"|IDA|enables|"[""enables""]"|A6NJT0|protein|GO_1990837|molecular_function|9606
"[""GO_REF:0000002""]"|IEA|enables|"[""enables""]"|A6NJW9|protein|GO_0015026|molecular_function|9606
"[""GO_REF:0000002""]"|IEA|enables|"[""enables""]"|A6NJW9|protein|GO_0042288|molecular_function|9606
"[""PMID:33112233""]"|IPI|enables|"[""enables""]"|A6NJY4|protein|GO_0005515|molecular_function|9606
"[""GO_REF:0000043""]"|IEA|enables|"[""enables""]"|A6NJZ3|protein|GO_0004930|molecular_function|9606
"[""GO_REF:0000015""]"|ND|enables|"[""enables""]"|A6NJZ7|protein|GO_0003674|molecular_function|9606
"[""GO_REF:0000002""]"|IEA|enables|"[""enables""]"|A6NK02|protein|GO_0008270|molecular_function|9606
"[""PMID:31548418""]"|IDA|enables|"[""enables""]"|A6NK06|protein|GO_0042803|molecular_function|9606
"[""PMID:23610393""]"|IDA|enables|"[""enables""]"|A6NK06|protein|GO_0047613|molecular_function|9606
"[""GO_REF:0000043""]"|IEA|enables|"[""enables""]"|A6NK53|protein|GO_0003677|molecular_function|9606
"[""GO_REF:0000043""]"|IEA|enables|"[""enables""]"|A6NK53|protein|GO_0046872|molecular_function|9606
"[""GO_REF:0000043""]"|IEA|enables|"[""enables""]"|A6NK58|protein|GO_0016874|molecular_function|9606
"[""Reactome:R-HSA-6793590""]"|TAS|enables|"[""enables""]"|A6NK58|protein|GO_0033819|molecular_function|9606
"[""GO_REF:0000043""]"|IEA|enables|"[""enables""]"|A6NK75|protein|GO_0046872|molecular_function|9606
"[""PMID:32296183""]"|IPI|enables|"[""enables""]"|A6NK89|protein|GO_0005515|molecular_function|9606
"[""GO_REF:0000002""]"|IEA|enables|"[""enables""]"|A6NK97|protein|GO_0022857|molecular_function|9606
"[""GO_REF:0000015""]"|ND|enables|"[""enables""]"|A6NKB5|protein|GO_0003674|molecular_function|9606
"[""PMID:32296183""]"|IPI|enables|"[""enables""]"|A6NKD2|protein|GO_0005515|molecular_function|9606
"[""PMID:16239144""]"|IPI|enables|"[""enables""]"|A6NKF1|protein|GO_0005515|molecular_function|9606
"[""GO_REF:0000107""]"|IEA|enables|"[""enables""]"|A6NKF2|protein|GO_0003682|molecular_function|9606
"[""PMID:32296183""]"|IPI|enables|"[""enables""]"|A6NKF2|protein|GO_0005515|molecular_function|9606
"[""GO_REF:0000002""]"|IEA|enables|"[""enables""]"|A6NKH3|protein|GO_0003735|molecular_function|9606
"[""GO_REF:0000043""]"|IEA|enables|"[""enables""]"|A6NKH3|protein|GO_0046872|molecular_function|9606
"[""GO_REF:0000043""]"|IEA|enables|"[""enables""]"|A6NKK0|protein|GO_0004930|molecular_function|9606
"[""PMID:32296183""]"|IPI|enables|"[""enables""]"|A6NKK0|protein|GO_0005515|molecular_function|9606
"[""GO_REF:0000002""]"|IEA|enables|"[""enables""]"|A6NKP2|protein|GO_0003854|molecular_function|9606
"[""PMID:19523396""]"|IMP|enables|"[""enables""]"|A6NKQ9|protein|GO_0005179|molecular_function|9606
"[""GO_REF:0000002""]"|IEA|enables|"[""enables""]"|A6NKX4|protein|GO_0022857|molecular_function|9606
"[""GO_REF:0000043""]"|IEA|enables|"[""enables""]"|A6NL08|protein|GO_0004930|molecular_function|9606
"[""GO_REF:0000043""]"|IEA|enables|"[""enables""]"|A6NL26|protein|GO_0004930|molecular_function|9606
"[""PMID:36191189""]"|IDA|enables|"[""enables""]"|A6NL82|protein|GO_0008017|molecular_function|9606
"[""GO_REF:0000024""]"|ISS|enables|"[""enables""]"|A6NL88|protein|GO_0035255|molecular_function|9606
"[""GO_REF:0000024""]"|ISS|enables|"[""enables""]"|A6NL88|protein|GO_0050811|molecular_function|9606
"[""GO_REF:0000002""]"|IEA|enables|"[""enables""]"|A6NLC8|protein|GO_0046982|molecular_function|9606
"[""GO_REF:0000002""]"|IEA|enables|"[""enables""]"|A6NLI5|protein|GO_0008270|molecular_function|9606
"[""PMID:32296183""]"|IPI|enables|"[""enables""]"|A6NLU0|protein|GO_0005515|molecular_function|9606
"[""GO_REF:0000043""]"|IEA|enables|"[""enables""]"|A6NLU0|protein|GO_0046872|molecular_function|9606
"[""GO_REF:0000113""]"|ISA|enables|"[""enables""]"|A6NLW8|protein|GO_0000981|molecular_function|9606
"[""PMID:28473536""]"|IDA|enables|"[""enables""]"|A6NLW8|protein|GO_1990837|molecular_function|9606
"[""PMID:32296183""]"|IPI|enables|"[""enables""]"|A6NLX3|protein|GO_0005515|molecular_function|9606
"[""GO_REF:0000043""]"|IEA|enables|"[""enables""]"|A6NM03|protein|GO_0004930|molecular_function|9606
"[""GO_REF:0000117""]"|IEA|enables|"[""enables""]"|A6NM10|protein|GO_0015250|molecular_function|9606
"[""GO_REF:0000043""]"|IEA|enables|"[""enables""]"|A6NM28|protein|GO_0046872|molecular_function|9606
"[""GO_REF:0000043""]"|IEA|enables|"[""enables""]"|A6NM43|protein|GO_0005524|molecular_function|9606
"[""GO_REF:0000002""]"|IEA|enables|"[""enables""]"|A6NM43|protein|GO_0140662|molecular_function|9606
"[""GO_REF:0000002""]"|IEA|enables|"[""enables""]"|A6NM45|protein|GO_0005198|molecular_function|9606
"[""GO_REF:0000043""]"|IEA|enables|"[""enables""]"|A6NM76|protein|GO_0004930|molecular_function|9606
"[""PMID:28100677""]"|IPI|enables|"[""enables""]"|A6NMB1|protein|GO_0005515|molecular_function|9606
"[""GO_REF:0000043""]"|IEA|enables|"[""enables""]"|A6NMB1|protein|GO_0030246|molecular_function|9606
"[""GO_REF:0000043""]"|IEA|enables|"[""enables""]"|A6NMB9|protein|GO_0005524|molecular_function|9606
"[""GO_REF:0000002""]"|IEA|enables|"[""enables""]"|A6NMB9|protein|GO_0016887|molecular_function|9606
"[""GO_REF:0000043""]"|IEA|enables|"[""enables""]"|A6NMK7|protein|GO_0003723|molecular_function|9606
"[""GO_REF:0000043""]"|IEA|enables|"[""enables""]"|A6NMK7|protein|GO_0046872|molecular_function|9606
"[""PMID:26179146""]"|IPI|enables|"[""enables""]"|A6NMN3|protein|GO_0005515|molecular_function|9606
"[""GO_REF:0000043""]"|IEA|enables|"[""enables""]"|A6NMS3|protein|GO_0004930|molecular_function|9606
"[""GO_REF:0000113""]"|ISA|enables|"[""enables""]"|A6NMT0|protein|GO_0000981|molecular_function|9606
"[""GO_REF:0000043""]"|IEA|enables|"[""enables""]"|A6NMT0|protein|GO_0003677|molecular_function|9606
"[""PMID:30177510""]"|IPI|enables|"[""enables""]"|A6NMT0|protein|GO_0005515|molecular_function|9606
"[""GO_REF:0000043""]"|IEA|enables|"[""enables""]"|A6NMU1|protein|GO_0004930|molecular_function|9606
"[""PMID:32296183""]"|IPI|enables|"[""enables""]"|A6NMX2|protein|GO_0005515|molecular_function|9606
"[""GO_REF:0000002""]"|IEA|enables|"[""enables""]"|A6NMY6|protein|GO_0008092|molecular_function|9606
"[""GO_REF:0000002""]"|IEA|enables|"[""enables""]"|A6NMZ2|protein|GO_0046914|molecular_function|9606
"[""GO_REF:0000043""]"|IEA|enables|"[""enables""]"|A6NMZ5|protein|GO_0004930|molecular_function|9606
"[""GO_REF:0000002""]"|IEA|enables|"[""enables""]"|A6NMZ5|protein|GO_0004984|molecular_function|9606
"[""PMID:25037231""]"|RCA|enables|"[""enables""]"|A6NMZ7|protein|GO_0030020|molecular_function|9606
"[""GO_REF:0000043""]"|IEA|enables|"[""enables""]"|A6NN14|protein|GO_0046872|molecular_function|9606
"[""GO_REF:0000113""]"|ISA|enables|"[""enables""]"|A6NNA5|protein|GO_0000981|molecular_function|9606
"[""PMID:28473536""]"|IDA|enables|"[""enables""]"|A6NNA5|protein|GO_1990837|molecular_function|9606
"[""GO_REF:0000043""]"|IEA|enables|"[""enables""]"|A6NND4|protein|GO_0004930|molecular_function|9606
"[""PMID:24999593""]"|IDA|enables|"[""enables""]"|A6NND4|protein|GO_0004984|molecular_function|9606
"[""GO_REF:0000002""]"|IEA|enables|"[""enables""]"|A6NNE9|protein|GO_0008270|molecular_function|9606
"[""GO_REF:0000043""]"|IEA|enables|"[""enables""]"|A6NNF4|protein|GO_0046872|molecular_function|9606
"[""GO_REF:0000043""]"|IEA|enables|"[""enables""]"|A6NNM8|protein|GO_0005524|molecular_function|9606
"[""GO_REF:0000043""]"|IEA|enables|"[""enables""]"|A6NNM8|protein|GO_0046872|molecular_function|9606
"[""GO_REF:0000024""]"|ISS|enables|"[""enables""]"|A6NNM8|protein|GO_0070740|molecular_function|9606
"[""GO_REF:0000024""]"|ISS|enables|"[""enables""]"|A6NNS2|protein|GO_0004745|molecular_function|9606
"[""GO_REF:0000002""]"|IEA|enables|"[""enables""]"|A6NNW6|protein|GO_0000287|molecular_function|9606
"[""GO_REF:0000015""]"|ND|enables|"[""enables""]"|A6NNW6|protein|GO_0003674|molecular_function|9606
"[""PMID:31534008""]"|IDA|enables|"[""enables""]"|A6NNY8|protein|GO_0004197|molecular_function|9606
"[""GO_REF:0000024""]"|ISS|enables|"[""enables""]"|A6NNY8|protein|GO_0004843|molecular_function|9606
"[""GO_REF:0000024""]"|ISS|enables|"[""enables""]"|A6NNY8|protein|GO_0061578|molecular_function|9606
"[""GO_REF:0000024""]"|ISS|enables|"[""enables""]"|A6NNY8|protein|GO_1990380|molecular_function|9606
"[""GO_REF:0000002""]"|IEA|enables|"[""enables""]"|A6NNZ2|protein|GO_0003924|molecular_function|9606
"[""GO_REF:0000043""]"|IEA|enables|"[""enables""]"|A6NNZ2|protein|GO_0046872|molecular_function|9606
"[""GO_REF:0000043""]"|IEA|enables|"[""enables""]"|A6NP11|protein|GO_0046872|molecular_function|9606
"[""GO_REF:0000024""]"|ISS|enables|"[""enables""]"|A6NP61|protein|GO_0003730|molecular_function|9606
"[""GO_REF:0000043""]"|IEA|enables|"[""enables""]"|A6NP61|protein|GO_0046872|molecular_function|9606
"[""GO_REF:0000043""]"|IEA|enables|"[""enables""]"|A6PVC2|protein|GO_0005524|molecular_function|9606
"[""GO_REF:0000043""]"|IEA|enables|"[""enables""]"|A6PVC2|protein|GO_0046872|molecular_function|9606
"[""GO_REF:0000024""]"|ISS|enables|"[""enables""]"|A6PVC2|protein|GO_0070735|molecular_function|9606
"[""GO_REF:0000024""]"|ISS|enables|"[""enables""]"|A6PVC2|protein|GO_0070736|molecular_function|9606
"[""PMID:25416956""]"|IPI|enables|"[""enables""]"|A6PVS8|protein|GO_0005515|molecular_function|9606
"[""GO_REF:0000002""]"|IEA|enables|"[""enables""]"|A6QL63|protein|GO_0046982|molecular_function|9606
"[""PMID:32296183""]"|IPI|enables|"[""enables""]"|A6XGL0|protein|GO_0005515|molecular_function|9606
"[""GO_REF:0000002""]"|IEA|enables|"[""enables""]"|A7E2V4|protein|GO_0008270|molecular_function|9606
"[""PMID:33184234""]"|IDA|enables|"[""enables""]"|A7E2V4|protein|GO_1990756|molecular_function|9606
"[""PMID:23455924""]"|IPI|enables|"[""enables""]"|A7E2Y1|protein|GO_0005515|molecular_function|9606
"[""GO_REF:0000043""]"|IEA|enables|"[""enables""]"|A7E2Y1|protein|GO_0005524|molecular_function|9606
"[""Reactome:R-HSA-9013437""]"|TAS|enables|"[""enables""]"|A7KAX9|protein|GO_0005096|molecular_function|9606
"[""PMID:12788081""]"|IPI|enables|"[""enables""]"|A7KAX9|protein|GO_0005515|molecular_function|9606
"[""GO_REF:0000002""]"|IEA|enables|"[""enables""]"|A7KAX9|protein|GO_1901981|molecular_function|9606
"[""GO_REF:0000015""]"|ND|enables|"[""enables""]"|A7MBM2|protein|GO_0003674|molecular_function|9606
"[""PMID:14743216""]"|IPI|enables|"[""enables""]"|A7MCY6|protein|GO_0005515|molecular_function|9606
"[""GO_REF:0000043""]"|IEA|enables|"[""enables""]"|A7MCY6|protein|GO_0046872|molecular_function|9606
"[""GO_REF:0000024""]"|ISS|enables|"[""enables""]"|A7MD48|protein|GO_0003729|molecular_function|9606
"[""PMID:32296183""]"|IPI|enables|"[""enables""]"|A7MD48|protein|GO_0005515|molecular_function|9606
"[""PMID:32296183""]"|IPI|enables|"[""enables""]"|A7MD48|protein|GO_0042802|molecular_function|9606
"[""GO_REF:0000107""]"|IEA|enables|"[""enables""]"|A7XYQ1|protein|GO_0032184|molecular_function|9606
"[""GO_REF:0000043""]"|IEA|enables|"[""enables""]"|A7XYQ1|protein|GO_0046872|molecular_function|9606
"[""PMID:17577209""]"|IPI|enables|"[""enables""]"|A8CG34|protein|GO_0005515|molecular_function|9606
"[""GO_REF:0000043""]"|IEA|enables|"[""enables""]"|A8K0R7|protein|GO_0046872|molecular_function|9606
"[""GO_REF:0000043""]"|IEA|enables|"[""enables""]"|A8K0Z3|protein|GO_0003779|molecular_function|9606
"[""PMID:19922874""]"|IPI|enables|"[""enables""]"|A8K0Z3|protein|GO_0005515|molecular_function|9606
"[""PMID:23452853""]"|IPI|enables|"[""enables""]"|A8K0Z3|protein|GO_0031625|molecular_function|9606
"[""PMID:19922874""]"|IDA|enables|"[""enables""]"|A8K0Z3|protein|GO_0043014|molecular_function|9606
"[""GO_REF:0000043""]"|IEA|enables|"[""enables""]"|A8K2U0|protein|GO_0004867|molecular_function|9606
"[""PMID:16298998""]"|IDA|enables|"[""enables""]"|A8K2U0|protein|GO_0030414|molecular_function|9606
"[""PMID:20959446""]"|IPI|enables|"[""enables""]"|A8K4G0|protein|GO_0005515|molecular_function|9606
"[""PMID:20959446""]"|IPI|enables|"[""enables""]"|A8K4G0|protein|GO_0042802|molecular_function|9606
"[""Reactome:R-HSA-5333671""]"|TAS|enables|"[""enables""]"|A8K7I4|protein|GO_0004222|molecular_function|9606
"[""PMID:9828122""]"|TAS|enables|"[""enables""]"|A8K7I4|protein|GO_0005254|molecular_function|9606
"[""GO_REF:0000043""]"|IEA|enables|"[""enables""]"|A8K7I4|protein|GO_0046872|molecular_function|9606
"[""PMID:35576971""]"|IDA|enables|"[""enables""]"|A8K830|protein|GO_0003677|molecular_function|9606
"[""PMID:35576971""]"|IDA|enables|"[""enables""]"|A8K830|protein|GO_0003713|molecular_function|9606
"[""PMID:35576971""]"|IPI|enables|"[""enables""]"|A8K830|protein|GO_0005515|molecular_function|9606
"[""GO_REF:0000002""]"|IEA|enables|"[""enables""]"|A8K855|protein|GO_0005509|molecular_function|9606
"[""PMID:16956364""]"|IPI|enables|"[""enables""]"|A8K8P3|protein|GO_0005515|molecular_function|9606
"[""PMID:19389623""]"|IDA|enables|"[""enables""]"|A8K8P3|protein|GO_0019902|molecular_function|9606
"[""GO_REF:0000043""]"|IEA|enables|"[""enables""]"|A8K8V0|protein|GO_0003677|molecular_function|9606
"[""PMID:25416956""]"|IPI|enables|"[""enables""]"|A8K8V0|protein|GO_0005515|molecular_function|9606
"[""GO_REF:0000043""]"|IEA|enables|"[""enables""]"|A8K8V0|protein|GO_0046872|molecular_function|9606
"[""GO_REF:0000002""]"|IEA|enables|"[""enables""]"|A8K979|protein|GO_0003676|molecular_function|9606
"[""GO_REF:0000002""]"|IEA|enables|"[""enables""]"|A8K979|protein|GO_0008270|molecular_function|9606
"[""GO_REF:0000043""]"|IEA|enables|"[""enables""]"|A8MPP1|protein|GO_0003677|molecular_function|9606
"[""GO_REF:0000043""]"|IEA|enables|"[""enables""]"|A8MPP1|protein|GO_0003723|molecular_function|9606
"[""GO_REF:0000003""]"|IEA|enables|"[""enables""]"|A8MPP1|protein|GO_0003724|molecular_function|9606
"[""PMID:21911577""]"|IPI|enables|"[""enables""]"|A8MPP1|protein|GO_0005515|molecular_function|9606
"[""GO_REF:0000043""]"|IEA|enables|"[""enables""]"|A8MPP1|protein|GO_0005524|molecular_function|9606
"[""GO_REF:0000116""]"|IEA|enables|"[""enables""]"|A8MPP1|protein|GO_0016887|molecular_function|9606
"[""GO_REF:0000024""]"|ISS|enables|"[""enables""]"|A8MPS7|protein|GO_0000287|molecular_function|9606
"[""GO_REF:0000002""]"|IEA|enables|"[""enables""]"|A8MPX8|protein|GO_0004722|molecular_function|9606
"[""PMID:10542332""]"|NAS|enables|"[""enables""]"|A8MPY1|protein|GO_0004890|molecular_function|9606
"[""GO_REF:0000002""]"|IEA|enables|"[""enables""]"|A8MPY1|protein|GO_0005230|molecular_function|9606
"[""GO_REF:0000043""]"|IEA|enables|"[""enables""]"|A8MPY1|protein|GO_0005254|molecular_function|9606
"[""PMID:32296183""]"|IPI|enables|"[""enables""]"|A8MQ03|protein|GO_0005515|molecular_function|9606
