biological_context|label|score|source_id|source_type|target_id|target_type
CLO_0003704|activity_by_contact|0.043128|RS10000009|snp|ENSG00000109193|gene
CLO_0003704|activity_by_contact|0.015579|RS10000009|snp|ENSG00000135220|gene
CLO_0003704|activity_by_contact|0.136843|RS10000009|snp|ENSG00000109205|gene
CLO_0003704|activity_by_contact|0.023346|RS10000009|snp|ENSG00000132467|gene
CLO_0003704|activity_by_contact|0.020003|RS10000009|snp|ENSG00000132463|gene
CLO_0003704|activity_by_contact|0.019423|RS10000009|snp|ENSG00000171234|gene
CLO_0003704|activity_by_contact|0.036485|RS10000009|snp|ENSG00000173597|gene
CLO_0003704|activity_by_contact|0.029406|RS10000009|snp|ENSG00000173542|gene
CLO_0003704|activity_by_contact|0.021557|RS10000009|snp|ENSG00000156136|gene
CLO_0003704|activity_by_contact|0.037654|RS10000009|snp|ENSG00000156096|gene
CLO_0003704|activity_by_contact|0.017516|RS10000009|snp|ENSG00000083896|gene
CLO_0003704|activity_by_contact|0.031394|RS10000009|snp|ENSG00000080493|gene
BTO_0006061|activity_by_contact|0.017904|RS1000003|snp|ENSG00000080819|gene
EFO_0007096|activity_by_contact|0.016668|RS1000003|snp|ENSG00000080819|gene
CLO_0001605|activity_by_contact|0.015818|RS10000056|snp|ENSG00000109536|gene
CLO_0001605|activity_by_contact|0.015821|RS10000056|snp|ENSG00000250739|gene
CLO_0001605|activity_by_contact|0.030542|RS10000056|snp|ENSG00000249378|gene
CL_0002551|activity_by_contact|0.02389|RS10000056|snp|ENSG00000250739|gene
UBERON_0001987|activity_by_contact|0.019565|RS10000087|snp|ENSG00000181982|gene
UBERON_0001987|activity_by_contact|0.055389|RS10000087|snp|ENSG00000109610|gene
CLO_0037116|activity_by_contact|0.020469|RS10000087|snp|ENSG00000181982|gene
CLO_0037116|activity_by_contact|0.071234|RS10000087|snp|ENSG00000109610|gene
CLO_0037116|activity_by_contact|0.020333|RS10000087|snp|ENSG00000109819|gene
UBERON_0000945|activity_by_contact|0.018654|RS10000087|snp|ENSG00000109819|gene
UBERON_0000945|activity_by_contact|0.072956|RS10000087|snp|ENSG00000109610|gene
UBERON_0000945|activity_by_contact|0.016714|RS10000087|snp|ENSG00000181982|gene
CLO_0004283|activity_by_contact|0.018673|RS10000108|snp|ENSG00000163697|gene
UBERON_0000945|activity_by_contact|0.016241|RS10000108|snp|ENSG00000154277|gene
UBERON_0001013|activity_by_contact|0.019127|RS10000108|snp|ENSG00000154277|gene
UBERON_0001013|activity_by_contact|0.018416|RS10000108|snp|ENSG00000163697|gene
CLO_0007377|activity_by_contact|0.023669|RS10000108|snp|ENSG00000163697|gene
CLO_0007377|activity_by_contact|0.015828|RS10000108|snp|ENSG00000064042|gene
UBERON_0001621|activity_by_contact|0.03753|RS10000108|snp|ENSG00000179299|gene
UBERON_0001621|activity_by_contact|0.034032|RS10000108|snp|ENSG00000163697|gene
UBERON_0001621|activity_by_contact|0.015765|RS10000108|snp|ENSG00000178343|gene
UBERON_0001621|activity_by_contact|0.016579|RS10000108|snp|ENSG00000014824|gene
UBERON_0001621|activity_by_contact|0.024764|RS10000108|snp|ENSG00000109133|gene
UBERON_0001621|activity_by_contact|0.037254|RS10000108|snp|ENSG00000154277|gene
EFO_0007096|activity_by_contact|0.017639|RS10000108|snp|ENSG00000154277|gene
EFO_0007096|activity_by_contact|0.019423|RS10000108|snp|ENSG00000163697|gene
EFO_0007096|activity_by_contact|0.015052|RS10000108|snp|ENSG00000179299|gene
CL_0000312|activity_by_contact|0.032839|RS10000108|snp|ENSG00000163697|gene
CL_0000312|activity_by_contact|0.017888|RS10000108|snp|ENSG00000109133|gene
CLO_0037281|activity_by_contact|0.015813|RS10000108|snp|ENSG00000163697|gene
CLO_0003665|activity_by_contact|0.015072|RS10000108|snp|ENSG00000035928|gene
CLO_0003665|activity_by_contact|0.018657|RS10000108|snp|ENSG00000121892|gene
CLO_0003665|activity_by_contact|0.022259|RS10000108|snp|ENSG00000078177|gene
CLO_0003665|activity_by_contact|0.025158|RS10000108|snp|ENSG00000168421|gene
CLO_0003665|activity_by_contact|0.017193|RS10000108|snp|ENSG00000157796|gene
CLO_0003665|activity_by_contact|0.045897|RS10000108|snp|ENSG00000064042|gene
CLO_0003665|activity_by_contact|0.027419|RS10000108|snp|ENSG00000174343|gene
CLO_0003665|activity_by_contact|0.02688|RS10000108|snp|ENSG00000163694|gene
CLO_0003665|activity_by_contact|0.057982|RS10000108|snp|ENSG00000163697|gene
CLO_0003665|activity_by_contact|0.037831|RS10000108|snp|ENSG00000109133|gene
CLO_0003665|activity_by_contact|0.029083|RS10000108|snp|ENSG00000014824|gene
CLO_0003665|activity_by_contact|0.027428|RS10000108|snp|ENSG00000124406|gene
CLO_0003699|activity_by_contact|0.025718|RS10000108|snp|ENSG00000163697|gene
UBERON_0008450|activity_by_contact|0.015731|RS10000108|snp|ENSG00000109133|gene
UBERON_0008450|activity_by_contact|0.0299|RS10000108|snp|ENSG00000154277|gene
UBERON_0008450|activity_by_contact|0.0265|RS10000108|snp|ENSG00000163697|gene
CL_0000451|activity_by_contact|0.040139|RS10000168|snp|ENSG00000150628|gene
CL_0001054|activity_by_contact|0.081194|RS10000168|snp|ENSG00000150628|gene
BTO_0003618|activity_by_contact|0.37584|RS10000169|snp|ENSG00000138771|gene
CLO_0037281|activity_by_contact|0.177556|RS10000169|snp|ENSG00000138771|gene
CLO_0037281|activity_by_contact|0.139871|RS10000169|snp|ENSG00000138771|gene
CLO_0003699|activity_by_contact|0.116233|RS10000169|snp|ENSG00000138771|gene
UBERON_0002240|activity_by_contact|0.11255|RS10000169|snp|ENSG00000138771|gene
CLO_0037281|activity_by_contact|0.127354|RS10000169|snp|ENSG00000138771|gene
CLO_0003612|activity_by_contact|0.166198|RS10000169|snp|ENSG00000138771|gene
CLO_0037281|activity_by_contact|0.156898|RS10000169|snp|ENSG00000138771|gene
BTO_0006061|activity_by_contact|0.247801|RS10000169|snp|ENSG00000138771|gene
CLO_0007955|activity_by_contact|0.111624|RS10000169|snp|ENSG00000138771|gene
EFO_0007096|activity_by_contact|0.153244|RS10000169|snp|ENSG00000138771|gene
CLO_0037307|activity_by_contact|0.144175|RS10000169|snp|ENSG00000138771|gene
CLO_0009348|activity_by_contact|0.029493|RS10000179|snp|ENSG00000150630|gene
CL_0002327|activity_by_contact|0.018113|RS1000018|snp|ENSG00000170264|gene
CLO_0003699|activity_by_contact|0.01631|RS1000018|snp|ENSG00000170264|gene
CLO_0003699|activity_by_contact|0.016406|RS1000018|snp|ENSG00000115484|gene
CLO_0003699|activity_by_contact|0.016406|RS1000018|snp|ENSG00000173163|gene
BTO_0005518|activity_by_contact|0.016037|RS1000018|snp|ENSG00000170264|gene
CLO_0037281|activity_by_contact|0.016964|RS10000187|snp|ENSG00000059691|gene
CLO_0037281|activity_by_contact|0.02153|RS10000187|snp|ENSG00000109670|gene
CLO_0037281|activity_by_contact|0.058726|RS10000187|snp|ENSG00000170006|gene
CLO_0037281|activity_by_contact|0.01545|RS10000187|snp|ENSG00000164144|gene
CLO_0037281|activity_by_contact|0.01545|RS10000187|snp|ENSG00000169989|gene
CL_0002327|activity_by_contact|0.018113|RS1000019|snp|ENSG00000170264|gene
CLO_0003699|activity_by_contact|0.01631|RS1000019|snp|ENSG00000170264|gene
CLO_0003699|activity_by_contact|0.016406|RS1000019|snp|ENSG00000115484|gene
CLO_0003699|activity_by_contact|0.016406|RS1000019|snp|ENSG00000173163|gene
BTO_0005518|activity_by_contact|0.016037|RS1000019|snp|ENSG00000170264|gene
CL_0001070|activity_by_contact|0.019943|RS10000212|snp|ENSG00000229585|gene
CL_0000765|activity_by_contact|0.015277|RS10000223|snp|ENSG00000164128|gene
CL_0000765|activity_by_contact|0.039046|RS10000223|snp|ENSG00000198498|gene
